basin,campaign,site_id,hydrogeomorphic_zone,elevation_navd88,latitude,longitude,station,plot,replicate,sample_id,time_marker_deployed,time_marker_sampled,notes_time_marker_sampled,sediment_accretion,days_between_sampling_and_deployment,normalized_accretion,soil_bulk_density,soil_organic_matter_content,soil_organic_carbon,soil_organic_carbon_density
Atchafalaya,Fall_2020,CRMS_2568,supratidal,0.554,29.56425622,-91.35489157,T25,X,A,20F2568TXA,2019-10-17,2020-11-10,NA,11,390,10,0.037,65.5,33.6,0.012
Atchafalaya,Fall_2020,CRMS_2568,supratidal,0.554,29.56425622,-91.35489157,T25,X,B,20F2568TXB,2019-10-17,2020-11-10,NA,7,390,7,0.073,49,23.4,0.017
Atchafalaya,Fall_2020,CRMS_2568,supratidal,0.554,29.56425622,-91.35489157,T25,Y,A,20F2568TYA,2019-10-17,2020-11-10,NA,12,390,11,0.047,63.4,31,0.015
Atchafalaya,Fall_2020,CRMS_2568,supratidal,0.554,29.56425622,-91.35489157,T25,Y,B,20F2568TYB,2019-10-17,2020-11-10,NA,10,390,9,0.069,45.2,23,0.016
Atchafalaya,Fall_2020,CRMS_2568,supratidal,0.554,29.56425622,-91.35489157,T25,Z,A,20F2568TZA,2019-10-17,2020-11-10,NA,14,390,13,0.026,46.5,21.1,0.005
Atchafalaya,Fall_2020,CRMS_2568,supratidal,0.554,29.56425622,-91.35489157,T25,Z,B,20F2568TZB,2019-10-17,2020-11-10,NA,15,390,14,0.037,29.2,13,0.005
Atchafalaya,Fall_2020,CRMS_2568,supratidal,0.386,29.56417537,-91.35490102,V25,X,A,20F2568VXA,2019-10-17,2020-11-10,NA,30,390,28,0.058,52.3,25.9,0.015
Atchafalaya,Fall_2020,CRMS_2568,supratidal,0.386,29.56417537,-91.35490102,V25,X,B,20F2568VXB,2019-10-17,2020-11-10,NA,33,390,31,0.065,43.6,22.5,0.015
Atchafalaya,Fall_2020,CRMS_2568,supratidal,0.386,29.56417537,-91.35490102,V25,Y,A,20F2568VYA,2019-10-17,2020-11-10,NA,37,390,35,0.104,42.9,21.5,0.022
Atchafalaya,Fall_2020,CRMS_2568,supratidal,0.386,29.56417537,-91.35490102,V25,Y,B,20F2568VYB,2019-10-17,2020-11-10,NA,28,390,26,0.05,48.3,23,0.011
Atchafalaya,Fall_2020,CRMS_2568,supratidal,0.386,29.56417537,-91.35490102,V25,Z,A,20F2568VZA,2019-10-17,2020-11-10,NA,31,390,29,0.052,35.3,17.3,0.009
Atchafalaya,Fall_2020,CRMS_2568,supratidal,0.386,29.56417537,-91.35490102,V25,Z,B,20F2568VZB,2019-10-17,2020-11-10,NA,30,390,28,0.067,43.3,20.9,0.014
Terrebonne,Fall_2020,CRMS_0294,intertidal,0.248,29.41982701,-90.94793212,V25,X,A,20F294V25XA,2019-10-09,2020-10-14,NA,16,371,16,0.068,66.1,35.1,0.024
Terrebonne,Fall_2020,CRMS_0294,intertidal,0.248,29.41982701,-90.94793212,V25,X,B,20F294V25XB,2019-10-09,2020-10-14,NA,46,371,45,0.021,67.4,35.4,0.008
Terrebonne,Fall_2020,CRMS_0294,intertidal,0.248,29.41982701,-90.94793212,V25,X,C,20F294V25XC,2019-10-09,2020-10-14,NA,33,371,32,0.049,65.9,34.9,0.017
Terrebonne,Fall_2020,CRMS_0294,intertidal,0.248,29.41982701,-90.94793212,V25,Y,A,20F294V25YA,2019-10-09,2020-10-14,NA,30,371,30,0.034,70.4,35.8,0.012
Terrebonne,Fall_2020,CRMS_0294,intertidal,0.248,29.41982701,-90.94793212,V25,Y,B,20F294V25YB,2019-10-09,2020-10-14,NA,24,371,24,0.04,70.5,33.8,0.013
Terrebonne,Fall_2020,CRMS_0294,intertidal,0.248,29.41982701,-90.94793212,V25,Y,C,20F294V25YC,2019-10-09,2020-10-14,NA,25,371,25,0.043,72.8,33.7,0.014
Terrebonne,Fall_2020,CRMS_0294,intertidal,0.248,29.41982701,-90.94793212,V25,Z,A,20F294V25ZA,2019-10-09,2020-10-14,NA,32,371,31,0.024,72.1,35.7,0.009
Terrebonne,Fall_2020,CRMS_0294,intertidal,0.248,29.41982701,-90.94793212,V25,Z,B,20F294V25ZB,2019-10-09,2020-10-14,NA,46,371,45,0.031,68.5,34.4,0.011
Terrebonne,Fall_2020,CRMS_0294,intertidal,0.248,29.41982701,-90.94793212,V25,Z,C,20F294V25ZC,2019-10-09,2020-10-14,NA,37,371,36,0.025,68.5,38.1,0.01
Terrebonne,Fall_2020,CRMS_0294,intertidal,0.261,29.41958981,-90.94773758,V50,X,A,20F294V50XA,2019-10-09,2020-10-14,NA,14,371,14,0.045,80,40.3,0.018
Terrebonne,Fall_2020,CRMS_0294,intertidal,0.261,29.41958981,-90.94773758,V50,X,B,20F294V50XB,2019-10-09,2020-10-14,NA,9,371,9,0.063,72.7,35.9,0.023
Terrebonne,Fall_2020,CRMS_0294,intertidal,0.261,29.41958981,-90.94773758,V50,X,C,20F294V50XC,2019-10-09,2020-10-14,NA,18,371,18,0.018,76.7,36.8,0.007
Terrebonne,Fall_2020,CRMS_0294,intertidal,0.261,29.41958981,-90.94773758,V50,Y,A,20F294V50YA,2019-10-09,2020-10-14,NA,16,371,16,0.029,75.3,37.8,0.011
Terrebonne,Fall_2020,CRMS_0294,intertidal,0.261,29.41958981,-90.94773758,V50,Y,B,20F294V50YB,2019-10-09,2020-10-14,NA,17,371,17,0.026,77.7,40.4,0.01
Terrebonne,Fall_2020,CRMS_0294,intertidal,0.261,29.41958981,-90.94773758,V50,Y,C,20F294V50YC,2019-10-09,2020-10-14,NA,23,371,23,0.02,70.7,35.8,0.007
Terrebonne,Fall_2020,CRMS_0294,intertidal,0.261,29.41958981,-90.94773758,V50,Z,A,20F294V50ZA,2019-10-09,2020-10-14,NA,24,371,24,0.024,72.3,39.4,0.01
Terrebonne,Fall_2020,CRMS_0294,intertidal,0.261,29.41958981,-90.94773758,V50,Z,B,20F294V50ZB,2019-10-09,2020-10-14,NA,14,371,14,0.046,82.4,34.4,0.016
Terrebonne,Fall_2020,CRMS_0294,intertidal,0.261,29.41958981,-90.94773758,V50,Z,C,20F294V50ZC,2019-10-09,2020-10-14,NA,18,371,18,0.02,78.8,41.7,0.009
Atchafalaya,Fall_2020,CRMS_0322,intertidal,0.143,29.24540229,-91.10630862,V25,X,A,20F322V25XA,2019-10-09,2020-10-13,NA,21,370,21,0.224,31.2,14.3,0.032
Atchafalaya,Fall_2020,CRMS_0322,intertidal,0.143,29.24540229,-91.10630862,V25,X,B,20F322V25XB,2019-10-09,2020-10-13,NA,18,370,18,0.186,37.5,16.7,0.031
Atchafalaya,Fall_2020,CRMS_0322,intertidal,0.143,29.24540229,-91.10630862,V25,Y,A,20F322V25YA,2019-10-09,2020-10-13,NA,24,370,24,0.191,34.3,16.4,0.031
Atchafalaya,Fall_2020,CRMS_0322,intertidal,0.143,29.24540229,-91.10630862,V25,Y,B,20F322V25YB,2019-10-09,2020-10-13,NA,25,370,25,0.185,25.8,10.3,0.019
Atchafalaya,Fall_2020,CRMS_0322,intertidal,0.143,29.24540229,-91.10630862,V25,Z,A,20F322V25ZA,2019-10-09,2020-10-13,NA,26,370,26,0.236,26.3,12.3,0.029
Atchafalaya,Fall_2020,CRMS_0322,intertidal,0.143,29.24540229,-91.10630862,V25,Z,B,20F322V25ZB,2019-10-09,2020-10-13,NA,23,370,23,0.189,38.2,17.7,0.033
Atchafalaya,Fall_2020,CRMS_0322,intertidal,0.12,29.24568511,-91.10631544,V50,X,A,20F322V50XA,2019-10-09,2020-10-13,NA,15,370,15,0.063,44.9,19,0.012
Atchafalaya,Fall_2020,CRMS_0322,intertidal,0.12,29.24568511,-91.10631544,V50,X,B,20F322V50XB,2019-10-09,2020-10-13,NA,16,370,16,0.198,42.4,18.4,0.036
Atchafalaya,Fall_2020,CRMS_0322,intertidal,0.12,29.24568511,-91.10631544,V50,Y,A,20F322V50YA,2019-10-09,2020-10-13,NA,20,370,20,0.272,25.4,11.7,0.032
Atchafalaya,Fall_2020,CRMS_0322,intertidal,0.12,29.24568511,-91.10631544,V50,Y,B,20F322V50YB,2019-10-09,2020-10-13,NA,11,370,11,0.221,36.3,15.6,0.035
Atchafalaya,Fall_2020,CRMS_0322,intertidal,0.12,29.24568511,-91.10631544,V50,Z,A,20F322V50ZA,2019-10-09,2020-10-13,NA,14,370,14,0.152,48.6,21.9,0.033
Atchafalaya,Fall_2020,CRMS_0322,intertidal,0.12,29.24568511,-91.10631544,V50,Z,B,20F322V50ZB,2019-10-09,2020-10-13,NA,13,370,13,0.214,38.7,18.3,0.039
Terrebonne,Fall_2020,CRMS_0396,intertidal,0.095,29.34186159,-90.88526672,V25,X,A,20F396V25XA,2019-10-23,2020-10-16,NA,33,359,34,0.031,41.3,18.7,0.006
Terrebonne,Fall_2020,CRMS_0396,intertidal,0.095,29.34186159,-90.88526672,V25,X,B,20F396V25XB,2019-10-23,2020-10-16,NA,6,359,6,0.044,39.6,17.2,0.008
Terrebonne,Fall_2020,CRMS_0396,intertidal,0.095,29.34186159,-90.88526672,V25,X,C,20F396V25XC,2019-10-23,2020-10-16,NA,12,359,12,0.036,57.2,25.9,0.009
Terrebonne,Fall_2020,CRMS_0396,intertidal,0.095,29.34186159,-90.88526672,V25,Y,A,20F396V25YA,2019-10-23,2020-10-16,NA,6,359,6,0.083,43.8,19.8,0.017
Terrebonne,Fall_2020,CRMS_0396,intertidal,0.095,29.34186159,-90.88526672,V25,Y,B,20F396V25YB,2019-10-23,2020-10-16,NA,7,359,7,0.048,51.5,21.3,0.01
Terrebonne,Fall_2020,CRMS_0396,intertidal,0.095,29.34186159,-90.88526672,V25,Z,A,20F396V25ZA,2019-10-23,2020-10-16,NA,19,359,19,0.034,48.2,23.2,0.008
Terrebonne,Fall_2020,CRMS_0396,intertidal,0.095,29.34186159,-90.88526672,V25,Z,B,20F396V25ZB,2019-10-23,2020-10-16,NA,29,359,29,0.06,39.8,19.5,0.012
Terrebonne,Fall_2020,CRMS_0396,intertidal,0.095,29.34192338,-90.88462001,V50,X,A,20F396V50XA,2019-10-23,2020-10-16,NA,10,359,10,0.128,39.1,17.2,0.022
Terrebonne,Fall_2020,CRMS_0396,intertidal,0.095,29.34192338,-90.88462001,V50,X,B,20F396V50XB,2019-10-23,2020-10-16,NA,34,359,35,0.062,34.5,15.3,0.009
Terrebonne,Fall_2020,CRMS_0396,intertidal,0.095,29.34192338,-90.88462001,V50,Y,A,20F396V50YA,2019-10-23,2020-10-16,NA,9,359,9,0.125,27.7,12.1,0.015
Terrebonne,Fall_2020,CRMS_0396,intertidal,0.095,29.34192338,-90.88462001,V50,Y,B,20F396V50YB,2019-10-23,2020-10-16,NA,14,359,14,0.046,38.8,16.4,0.008
Terrebonne,Fall_2020,CRMS_0396,intertidal,0.095,29.34192338,-90.88462001,V50,Z,A,20F396V50ZA,2019-10-23,2020-10-16,NA,11,359,11,0.094,32.9,14.4,0.014
Terrebonne,Fall_2020,CRMS_0396,intertidal,0.095,29.34192338,-90.88462001,V50,Z,B,20F396V50ZB,2019-10-23,2020-10-16,NA,10,359,10,0.196,22.3,10,0.02
Atchafalaya,Fall_2020,CRMS_0399,intertidal,0.168,29.29926093,-91.10502813,V25,X,A,20F399V25XA,2019-10-09,2020-10-13,NA,15,370,15,0.425,20.1,8.8,0.037
Atchafalaya,Fall_2020,CRMS_0399,intertidal,0.168,29.29926093,-91.10502813,V25,X,B,20F399V25XB,2019-10-09,2020-10-13,NA,19,370,19,0.323,22.5,8.5,0.027
Atchafalaya,Fall_2020,CRMS_0399,intertidal,0.168,29.29926093,-91.10502813,V25,Y,A,20F399V25YA,2019-10-09,2020-10-13,NA,11,370,11,0.313,25.2,10.3,0.032
Atchafalaya,Fall_2020,CRMS_0399,intertidal,0.168,29.29926093,-91.10502813,V25,Y,B,20F399V25YB,2019-10-09,2020-10-13,NA,23,370,23,0.242,22.4,9.8,0.024
Atchafalaya,Fall_2020,CRMS_0399,intertidal,0.168,29.29926093,-91.10502813,V25,Z,A,20F399V25ZA,2019-10-09,2020-10-13,NA,14,370,14,0.431,22.3,10,0.043
Atchafalaya,Fall_2020,CRMS_0399,intertidal,0.168,29.29926093,-91.10502813,V25,Z,B,20F399V25ZB,2019-10-09,2020-10-13,NA,15,370,15,0.295,19.6,8.6,0.025
Atchafalaya,Fall_2020,CRMS_0399,intertidal,0.21,29.29942752,-91.10478423,V50,X,A,20F399V50XA,2019-10-09,2020-10-13,NA,21,370,21,0.317,18.8,7.9,0.025
Atchafalaya,Fall_2020,CRMS_0399,intertidal,0.21,29.29942752,-91.10478423,V50,X,B,20F399V50XB,2019-10-09,2020-10-13,NA,13,370,13,0.308,23.6,11,0.034
Atchafalaya,Fall_2020,CRMS_0399,intertidal,0.21,29.29942752,-91.10478423,V50,Y,A,20F399V50YA,2019-10-09,2020-10-13,NA,9,370,9,0.769,21.4,10.1,0.078
Atchafalaya,Fall_2020,CRMS_0399,intertidal,0.21,29.29942752,-91.10478423,V50,Y,B,20F399V50YB,2019-10-09,2020-10-13,NA,15,370,15,0.3,22.3,9.5,0.028
Atchafalaya,Fall_2020,CRMS_0399,intertidal,0.21,29.29942752,-91.10478423,V50,Z,A,20F399V50ZA,2019-10-09,2020-10-13,NA,17,370,17,0.297,25.8,11,0.033
Atchafalaya,Fall_2020,CRMS_0399,intertidal,0.21,29.29942752,-91.10478423,V50,Z,B,20F399V50ZB,2019-10-09,2020-10-13,NA,19,370,19,0.29,21.4,10.9,0.032
Terrebonne,Fall_2020,CRMS_0421,intertidal,0.055,29.17143885,-90.8225398,V25,X,A,20F421V25XA,2019-10-23,2020-10-15,NA,22,358,22,0.167,21.9,8.6,0.014
Terrebonne,Fall_2020,CRMS_0421,intertidal,0.055,29.17143885,-90.8225398,V25,X,B,20F421V25XB,2019-10-23,2020-10-15,NA,50,358,51,0.128,21.2,9.3,0.012
Terrebonne,Fall_2020,CRMS_0421,intertidal,0.055,29.17143885,-90.8225398,V25,Y,A,20F421V25YA,2019-10-23,2020-10-15,NA,40,358,41,0.103,21.4,9.5,0.01
Terrebonne,Fall_2020,CRMS_0421,intertidal,0.055,29.17143885,-90.8225398,V25,Y,B,20F421V25YB,2019-10-23,2020-10-15,NA,34,358,36,0.196,16.5,6.8,0.013
Terrebonne,Fall_2020,CRMS_0421,intertidal,0.055,29.17143885,-90.8225398,V25,Z,A,20F421V25ZA,2019-10-23,2020-10-15,NA,25,358,25,0.183,19.7,8.3,0.015
Terrebonne,Fall_2020,CRMS_0421,intertidal,0.055,29.17143885,-90.8225398,V25,Z,B,20F421V25ZB,2019-10-23,2020-10-15,NA,38,358,39,0.517,19.8,8.6,0.045
Terrebonne,Fall_2020,CRMS_0421,intertidal,-0.032,29.17169551,-90.82243665,V50,X,A,20F421V50XA,2019-10-23,2020-10-15,NA,31,358,32,0.104,20.7,8.7,0.009
Terrebonne,Fall_2020,CRMS_0421,intertidal,-0.032,29.17169551,-90.82243665,V50,X,B,20F421V50XB,2019-10-23,2020-10-15,NA,33,358,34,0.443,21.3,8.7,0.038
Terrebonne,Fall_2020,CRMS_0421,intertidal,-0.032,29.17169551,-90.82243665,V50,X,C,20F421V50XC,2019-10-23,2020-10-15,NA,30,358,31,0.094,22.5,9.1,0.009
Terrebonne,Fall_2020,CRMS_0421,intertidal,-0.032,29.17169551,-90.82243665,V50,Y,A,20F421V50YA,2019-10-23,2020-10-15,NA,19,358,19,0.091,22.4,9.2,0.008
Terrebonne,Fall_2020,CRMS_0421,intertidal,-0.032,29.17169551,-90.82243665,V50,Y,B,20F421V50YB,2019-10-23,2020-10-15,NA,65,358,66,0.1,25,9.7,0.01
Terrebonne,Fall_2020,CRMS_0421,intertidal,-0.032,29.17169551,-90.82243665,V50,Z,A,20F421V50ZA,2019-10-23,2020-10-15,NA,29,358,30,0.141,20.3,7.4,0.01
Terrebonne,Fall_2020,CRMS_0421,intertidal,-0.032,29.17169551,-90.82243665,V50,Z,B,20F421V50ZB,2019-10-23,2020-10-15,NA,18,358,18,0.114,22.8,9.5,0.011
Atchafalaya,Fall_2020,WLD_T1,subtidal,-0.089,29.50892093,-91.44446528,INT,X,A,20FM1INTXA,2019-10-04,2020-10-06,NA,58,368,60,0.837,3.3,2.2,0.018
Atchafalaya,Fall_2020,WLD_T1,subtidal,-0.089,29.50892093,-91.44446528,INT,X,B,20FM1INTXB,2019-10-04,2020-10-06,NA,59,368,60,0.458,7.9,2.2,0.01
Atchafalaya,Fall_2020,WLD_T1,subtidal,-0.089,29.50892093,-91.44446528,INT,X,C,20FM1INTXC,2019-10-04,2020-10-06,NA,88,368,89,0.444,8.1,2.7,0.012
Atchafalaya,Fall_2020,WLD_T1,subtidal,-0.089,29.50892093,-91.44446528,INT,Y,A,20FM1INTYA,2019-10-04,2020-10-06,NA,59,368,60,0.358,9.6,3.2,0.011
Atchafalaya,Fall_2020,WLD_T1,subtidal,-0.089,29.50892093,-91.44446528,INT,Y,B,20FM1INTYB,2019-10-04,2020-10-06,NA,27,368,30,0.452,11.7,3.2,0.015
Atchafalaya,Fall_2020,WLD_T1,subtidal,-0.089,29.50892093,-91.44446528,INT,Y,C,20FM1INTYC,2019-10-04,2020-10-06,NA,68,368,69,0.631,5.8,1.9,0.012
Atchafalaya,Fall_2020,WLD_T1,subtidal,-0.089,29.50892093,-91.44446528,INT,Z,A,20FM1INTZA,2019-10-04,2020-10-06,NA,64,368,60,0.406,8.8,2.6,0.011
Atchafalaya,Fall_2020,WLD_T1,subtidal,-0.089,29.50892093,-91.44446528,INT,Z,B,20FM1INTZB,2019-10-04,2020-10-06,NA,73,368,69,0.501,7.7,2.5,0.013
Atchafalaya,Fall_2020,WLD_T1,subtidal,-0.089,29.50892093,-91.44446528,INT,Z,C,20FM1INTZC,2019-10-04,2020-10-06,NA,65,368,69,0.372,7.8,3.1,0.011
Atchafalaya,Fall_2020,WLD_T1,subtidal,-0.135,29.50838834,-91.44364284,SUB,X,A,20FM1SUBXA,2019-10-04,2020-10-06,NA,68,368,69,0.077,10.9,3,0.002
Atchafalaya,Fall_2020,WLD_T1,subtidal,-0.135,29.50838834,-91.44364284,SUB,X,B,20FM1SUBXB,2019-10-04,2020-10-06,NA,59,368,60,0.088,8.3,2.6,0.002
Atchafalaya,Fall_2020,WLD_T1,subtidal,-0.135,29.50838834,-91.44364284,SUB,X,C,20FM1SUBXC,2019-10-04,2020-10-06,NA,71,368,69,0.121,9,3.2,0.004
Atchafalaya,Fall_2020,WLD_T1,subtidal,-0.135,29.50838834,-91.44364284,SUB,Y,A,20FM1SUBYA,2019-10-04,2020-10-06,NA,61,368,60,0.084,9.6,3,0.003
Atchafalaya,Fall_2020,WLD_T1,subtidal,-0.135,29.50838834,-91.44364284,SUB,Y,B,20FM1SUBYB,2019-10-04,2020-10-06,NA,74,368,69,0.079,7.8,2.8,0.002
Atchafalaya,Fall_2020,WLD_T1,subtidal,-0.135,29.50838834,-91.44364284,SUB,Z,A,20FM1SUBZA,2019-10-04,2020-10-06,NA,37,368,40,0.071,8.1,2.7,0.002
Atchafalaya,Fall_2020,WLD_T1,subtidal,-0.135,29.50838834,-91.44364284,SUB,Z,B,20FM1SUBZB,2019-10-04,2020-10-06,NA,44,368,40,0.083,10.7,3.4,0.003
Atchafalaya,Fall_2020,WLD_T1,supratidal,0.482,29.51004287,-91.44485335,SUP,X,A,20FM1SUPXA,2019-10-04,2020-10-06,NA,30,368,30,0.821,6.5,2.5,0.02
Atchafalaya,Fall_2020,WLD_T1,supratidal,0.482,29.51004287,-91.44485335,SUP,X,B,20FM1SUPXB,2019-10-04,2020-10-06,NA,30,368,30,0.655,8.9,3.1,0.02
Atchafalaya,Fall_2020,WLD_T1,supratidal,0.482,29.51004287,-91.44485335,SUP,X,C,20FM1SUPXC,2019-10-04,2020-10-06,NA,40,368,40,0.734,7.4,2.3,0.017
Atchafalaya,Fall_2020,WLD_T1,supratidal,0.482,29.51004287,-91.44485335,SUP,Y,A,20FM1SUPYA,2019-10-04,2020-10-06,NA,28,368,30,0.764,8.9,2.8,0.021
Atchafalaya,Fall_2020,WLD_T1,supratidal,0.482,29.51004287,-91.44485335,SUP,Y,B,20FM1SUPYB,2019-10-04,2020-10-06,NA,32,368,30,0.936,9.2,2.2,0.021
Atchafalaya,Fall_2020,WLD_T1,supratidal,0.482,29.51004287,-91.44485335,SUP,Y,C,20FM1SUPYC,2019-10-04,2020-10-06,NA,48,368,50,0.661,9.9,2.7,0.018
Atchafalaya,Fall_2020,WLD_T1,supratidal,0.482,29.51004287,-91.44485335,SUP,Z,A,20FM1SUPZA,2019-10-04,2020-10-06,NA,32,368,30,0.635,10.8,3.4,0.022
Atchafalaya,Fall_2020,WLD_T1,supratidal,0.482,29.51004287,-91.44485335,SUP,Z,B,20FM1SUPZB,2019-10-04,2020-10-06,NA,32,368,30,0.739,7.9,2.8,0.021
Atchafalaya,Fall_2020,WLD_T1,supratidal,0.482,29.51004287,-91.44485335,SUP,Z,C,20FM1SUPZC,2019-10-04,2020-10-06,NA,29,368,30,0.828,9.5,2.7,0.023
Atchafalaya,Fall_2020,WLD_T3,subtidal,-0.147,29.49543878,-91.44170891,INT,X,A,20FM2INTXA,2019-10-04,2020-10-07,NA,30,369,30,0.926,4,1.1,0.011
Atchafalaya,Fall_2020,WLD_T3,subtidal,-0.147,29.49543878,-91.44170891,INT,X,B,20FM2INTXB,2019-10-04,2020-10-07,NA,54,369,53,1.037,4.6,1.3,0.013
Atchafalaya,Fall_2020,WLD_T3,subtidal,-0.147,29.49543878,-91.44170891,INT,Y,A,20FM2INTYA,2019-10-04,2020-10-07,NA,54,369,53,0.839,3.2,0.8,0.007
Atchafalaya,Fall_2020,WLD_T3,subtidal,-0.147,29.49543878,-91.44170891,INT,Y,B,20FM2INTYB,2019-10-04,2020-10-07,NA,51,369,50,0.975,2.7,0.7,0.007
Atchafalaya,Fall_2020,WLD_T3,subtidal,-0.147,29.49543878,-91.44170891,INT,Z,A,20FM2INTZA,2019-10-04,2020-10-07,NA,29,369,29,0.951,3.2,1.1,0.01
Atchafalaya,Fall_2020,WLD_T3,subtidal,-0.147,29.49543878,-91.44170891,INT,Z,B,20FM2INTZB,2019-10-04,2020-10-07,NA,71,369,70,1.073,2.9,0.9,0.009
Atchafalaya,Fall_2020,WLD_T3,subtidal,-0.147,29.49543878,-91.44170891,INT,Z,C,20FM2INTZC,2019-10-04,2020-10-07,NA,82,369,81,1.372,2.1,0.4,0.006
Atchafalaya,Fall_2020,WLD_T3,subtidal,-0.269,29.49547534,-91.44216698,SUB,X,A,20FM2SUBXA,2019-10-04,2020-10-07,NA,40,369,40,1.045,4.1,1,0.011
Atchafalaya,Fall_2020,WLD_T3,subtidal,-0.269,29.49547534,-91.44216698,SUB,X,B,20FM2SUBXB,2019-10-04,2020-10-07,NA,44,369,44,1.053,3.8,0.7,0.008
Atchafalaya,Fall_2020,WLD_T3,subtidal,-0.269,29.49547534,-91.44216698,SUB,X,C,20FM2SUBXC,2019-10-04,2020-10-07,NA,43,369,43,1.456,3.4,0.7,0.01
Atchafalaya,Fall_2020,WLD_T3,subtidal,-0.269,29.49547534,-91.44216698,SUB,Y,A,20FM2SUBYA,2019-10-04,2020-10-07,NA,29,369,29,0.74,6.4,1.6,0.012
Atchafalaya,Fall_2020,WLD_T3,subtidal,-0.269,29.49547534,-91.44216698,SUB,Y,B,20FM2SUBYB,2019-10-04,2020-10-07,NA,36,369,36,0.666,6,1.3,0.009
Atchafalaya,Fall_2020,WLD_T3,subtidal,-0.269,29.49547534,-91.44216698,SUB,Y,C,20FM2SUBYC,2019-10-04,2020-10-07,NA,21,369,21,1.031,5.6,1.2,0.012
Atchafalaya,Fall_2020,WLD_T3,subtidal,-0.269,29.49547534,-91.44216698,SUB,Z,A,20FM2SUBZA,2019-10-04,2020-10-07,NA,40,369,40,0.705,6,1.4,0.01
Atchafalaya,Fall_2020,WLD_T3,subtidal,-0.269,29.49547534,-91.44216698,SUB,Z,B,20FM2SUBZB,2019-10-04,2020-10-07,NA,48,369,47,0.901,4.1,0.9,0.008
Atchafalaya,Fall_2020,WLD_T3,subtidal,-0.269,29.49547534,-91.44216698,SUB,Z,C,20FM2SUBZC,2019-10-04,2020-10-07,NA,39,369,39,0.744,5.7,1.3,0.01
Atchafalaya,Fall_2020,WLD_T3,intertidal,0.249,29.49446139,-91.44106216,SUP,X,A,20FM2SUPXA,2019-10-04,2020-10-07,NA,111,369,110,0.606,8.4,2,0.012
Atchafalaya,Fall_2020,WLD_T3,intertidal,0.249,29.49446139,-91.44106216,SUP,X,B,20FM2SUPXB,2019-10-04,2020-10-07,NA,96,369,95,0.669,7.2,1.8,0.012
Atchafalaya,Fall_2020,WLD_T3,intertidal,0.249,29.49446139,-91.44106216,SUP,X,C,20FM2SUPXC,2019-10-04,2020-10-07,NA,130,369,129,0.674,8.5,2.1,0.014
Atchafalaya,Fall_2020,WLD_T3,intertidal,0.249,29.49446139,-91.44106216,SUP,Y,A,20FM2SUPYA,2019-10-04,2020-10-07,NA,134,369,133,0.727,7,1.4,0.01
Atchafalaya,Fall_2020,WLD_T3,intertidal,0.249,29.49446139,-91.44106216,SUP,Y,B,20FM2SUPYB,2019-10-04,2020-10-07,NA,127,369,126,0.821,6.3,1.8,0.014
Atchafalaya,Fall_2020,WLD_T3,intertidal,0.249,29.49446139,-91.44106216,SUP,Y,C,20FM2SUPYC,2019-10-04,2020-10-07,NA,118,369,117,0.65,7,2,0.013
Atchafalaya,Fall_2020,WLD_T3,intertidal,0.249,29.49446139,-91.44106216,SUP,Z,A,20FM2SUPZA,2019-10-04,2020-10-07,NA,116,369,115,0.652,7.2,1.5,0.01
Atchafalaya,Fall_2020,WLD_T3,intertidal,0.249,29.49446139,-91.44106216,SUP,Z,B,20FM2SUPZB,2019-10-04,2020-10-07,NA,104,369,103,0.857,6.7,1.5,0.013
Atchafalaya,Fall_2020,WLD_T3,intertidal,0.249,29.49446139,-91.44106216,SUP,Z,C,20FM2SUPZC,2019-10-04,2020-10-07,NA,116,369,115,0.744,6.5,1.6,0.012
Atchafalaya,Spring_2021,CRMS_2568,supratidal,0.554,29.56425622,-91.35489157,T25,X,A,21S2568TXA,2019-10-17,-9999,Not measured due to alligator nest near the marker.,-9999,-9999,-9999,-9999,-9999,-9999,-9999
Atchafalaya,Spring_2021,CRMS_2568,supratidal,0.554,29.56425622,-91.35489157,T25,X,B,21S2568TXB,2019-10-17,-9999,Not measured due to alligator nest near the marker.,-9999,-9999,-9999,-9999,-9999,-9999,-9999
Atchafalaya,Spring_2021,CRMS_2568,supratidal,0.554,29.56425622,-91.35489157,T25,Y,A,21S2568TYA,2019-10-17,-9999,Not measured due to alligator nest near the marker.,-9999,-9999,-9999,-9999,-9999,-9999,-9999
Atchafalaya,Spring_2021,CRMS_2568,supratidal,0.554,29.56425622,-91.35489157,T25,Y,B,21S2568TYB,2019-10-17,-9999,Not measured due to alligator nest near the marker.,-9999,-9999,-9999,-9999,-9999,-9999,-9999
Atchafalaya,Spring_2021,CRMS_2568,supratidal,0.554,29.56425622,-91.35489157,T25,Z,A,21S2568TZA,2019-10-17,-9999,Not measured due to alligator nest near the marker.,-9999,-9999,-9999,-9999,-9999,-9999,-9999
Atchafalaya,Spring_2021,CRMS_2568,supratidal,0.554,29.56425622,-91.35489157,T25,Z,B,21S2568TZB,2019-10-17,-9999,Not measured due to alligator nest near the marker.,-9999,-9999,-9999,-9999,-9999,-9999,-9999
Atchafalaya,Spring_2021,CRMS_2568,supratidal,0.386,29.56417537,-91.35490102,V25,X,A,21S2568VXA,2019-10-17,2021-03-30,NA,25,530,17,0.039,55.3,27.4,0.011
Atchafalaya,Spring_2021,CRMS_2568,supratidal,0.386,29.56417537,-91.35490102,V25,X,B,21S2568VXB,2019-10-17,2021-03-30,NA,44,530,30,0.058,63.1,29.6,0.017
Atchafalaya,Spring_2021,CRMS_2568,supratidal,0.386,29.56417537,-91.35490102,V25,Y,A,21S2568VYA,2019-10-17,2021-03-30,NA,32,530,22,0.048,47.3,22.1,0.011
Atchafalaya,Spring_2021,CRMS_2568,supratidal,0.386,29.56417537,-91.35490102,V25,Y,B,21S2568VYB,2019-10-17,2021-03-30,NA,33,530,23,0.038,49.4,23.2,0.009
Atchafalaya,Spring_2021,CRMS_2568,supratidal,0.386,29.56417537,-91.35490102,V25,Z,A,21S2568VZA,2019-10-17,2021-03-30,NA,30,530,20,0.041,54.2,24.6,0.01
Atchafalaya,Spring_2021,CRMS_2568,supratidal,0.386,29.56417537,-91.35490102,V25,Z,B,21S2568VZB,2019-10-17,2021-03-30,NA,36,530,25,0.055,63,32.4,0.018
Terrebonne,Spring_2021,CRMS_0294,intertidal,0.248,29.41982701,-90.94793212,V25,X,A,21S294V25XA,2019-10-09,2021-03-26,NA,15,534,10,0.036,79.2,33.2,0.012
Terrebonne,Spring_2021,CRMS_0294,intertidal,0.248,29.41982701,-90.94793212,V25,X,B,21S294V25XB,2019-10-09,2021-03-26,NA,22,534,15,0.021,78.3,37.4,0.008
Terrebonne,Spring_2021,CRMS_0294,intertidal,0.248,29.41982701,-90.94793212,V25,Y,A,21S294V25YA,2019-10-09,2021-03-26,NA,27,534,18,0.044,74.5,38,0.017
Terrebonne,Spring_2021,CRMS_0294,intertidal,0.248,29.41982701,-90.94793212,V25,Y,B,21S294V25YB,2019-10-09,2021-03-26,NA,27,534,18,0.035,73.9,36.5,0.013
Terrebonne,Spring_2021,CRMS_0294,intertidal,0.248,29.41982701,-90.94793212,V25,Z,A,21S294V25ZA,2019-10-09,2021-03-26,NA,12,534,8,0.031,71.8,33.5,0.011
Terrebonne,Spring_2021,CRMS_0294,intertidal,0.248,29.41982701,-90.94793212,V25,Z,B,21S294V25ZB,2019-10-09,2021-03-26,NA,17,534,12,0.034,75.9,33,0.011
Terrebonne,Spring_2021,CRMS_0294,intertidal,0.261,29.41958981,-90.94773758,V50,X,A,21S294V50XA,2019-10-09,2021-03-26,NA,12,534,8,0.02,72,36.3,0.007
Terrebonne,Spring_2021,CRMS_0294,intertidal,0.261,29.41958981,-90.94773758,V50,X,B,21S294V50XB,2019-10-09,2021-03-26,NA,15,534,10,0.02,69.1,32.7,0.006
Terrebonne,Spring_2021,CRMS_0294,intertidal,0.261,29.41958981,-90.94773758,V50,Y,A,21S294V50YA,2019-10-09,2021-03-26,NA,27,534,19,0.024,70.6,31.2,0.007
Terrebonne,Spring_2021,CRMS_0294,intertidal,0.261,29.41958981,-90.94773758,V50,Y,B,21S294V50YB,2019-10-09,2021-03-26,NA,21,534,15,0.013,75.9,35.2,0.005
Terrebonne,Spring_2021,CRMS_0294,intertidal,0.261,29.41958981,-90.94773758,V50,Z,A,21S294V50ZA,2019-10-09,2021-03-26,NA,15,534,10,0.029,72,37.6,0.011
Terrebonne,Spring_2021,CRMS_0294,intertidal,0.261,29.41958981,-90.94773758,V50,Z,B,21S294V50ZB,2019-10-09,2021-03-26,NA,25,534,17,0.016,71.4,32.8,0.005
Atchafalaya,Spring_2021,CRMS_0322,intertidal,0.143,29.24540229,-91.10630862,V25,X,A,21S322V25XA,2019-10-09,2021-03-21,NA,36,529,25,0.151,28.8,11.7,0.018
Atchafalaya,Spring_2021,CRMS_0322,intertidal,0.143,29.24540229,-91.10630862,V25,X,B,21S322V25XB,2019-10-09,2021-03-21,NA,18,529,13,0.282,21,7.1,0.02
Atchafalaya,Spring_2021,CRMS_0322,intertidal,0.143,29.24540229,-91.10630862,V25,Y,A,21S322V25YA,2019-10-09,2021-03-21,NA,18,529,12,0.189,18.6,5.3,0.01
Atchafalaya,Spring_2021,CRMS_0322,intertidal,0.143,29.24540229,-91.10630862,V25,Y,B,21S322V25YB,2019-10-09,2021-03-21,NA,11,529,8,0.213,19.5,5.8,0.012
Atchafalaya,Spring_2021,CRMS_0322,intertidal,0.143,29.24540229,-91.10630862,V25,Z,A,21S322V25ZA,2019-10-09,2021-03-21,NA,16,529,11,0.237,21.2,6.4,0.015
Atchafalaya,Spring_2021,CRMS_0322,intertidal,0.143,29.24540229,-91.10630862,V25,Z,B,21S322V25ZB,2019-10-09,2021-03-21,NA,21,529,14,0.167,20.5,6.4,0.011
Atchafalaya,Spring_2021,CRMS_0322,intertidal,0.12,29.24568511,-91.10631544,V50,X,A,21S322V50XA,2019-10-09,2021-03-21,NA,9,529,6,0.103,49.3,19.1,0.02
Atchafalaya,Spring_2021,CRMS_0322,intertidal,0.12,29.24568511,-91.10631544,V50,X,B,21S322V50XB,2019-10-09,2021-03-21,NA,12,529,8,0.165,29.7,11.5,0.019
Atchafalaya,Spring_2021,CRMS_0322,intertidal,0.12,29.24568511,-91.10631544,V50,Y,A,21S322V50YA,2019-10-09,2021-03-21,NA,11,529,8,0.125,39.5,15.2,0.019
Atchafalaya,Spring_2021,CRMS_0322,intertidal,0.12,29.24568511,-91.10631544,V50,Y,B,21S322V50YB,2019-10-09,2021-03-21,NA,7,529,5,0.197,33.5,12.6,0.025
Atchafalaya,Spring_2021,CRMS_0322,intertidal,0.12,29.24568511,-91.10631544,V50,Z,A,21S322V50ZA,2019-10-09,2021-03-21,NA,10,529,7,0.183,43.4,17,0.031
Terrebonne,Spring_2021,CRMS_0322,intertidal,0.12,29.24568511,-91.10631544,V50,Z,B,21S322V50ZB,2019-10-09,2021-03-21,NA,14,529,10,0.112,39,14.9,0.017
Terrebonne,Spring_2021,CRMS_0396,intertidal,0.095,29.34186159,-90.88526672,V25,X,A,21S396V25XA,2019-10-23,2021-03-31,NA,9,525,6,0.054,55.1,24.6,0.013
Terrebonne,Spring_2021,CRMS_0396,intertidal,0.095,29.34186159,-90.88526672,V25,X,B,21S396V25XB,2019-10-23,2021-03-31,NA,17,525,12,0.106,32.6,13.6,0.014
Terrebonne,Spring_2021,CRMS_0396,intertidal,0.095,29.34186159,-90.88526672,V25,Y,A,21S396V25YA,2019-10-23,2021-03-31,NA,20,525,14,0.135,36.1,15.8,0.021
Terrebonne,Spring_2021,CRMS_0396,intertidal,0.095,29.34186159,-90.88526672,V25,Y,B,21S396V25YB,2019-10-23,2021-03-31,NA,44,525,30,0.056,43.7,18.5,0.01
Terrebonne,Spring_2021,CRMS_0396,intertidal,0.095,29.34186159,-90.88526672,V25,Z,A,21S396V25ZA,2019-10-23,2021-03-31,NA,43,525,30,0.035,49.3,21.1,0.007
Terrebonne,Spring_2021,CRMS_0396,intertidal,0.095,29.34186159,-90.88526672,V25,Z,B,21S396V25ZB,2019-10-23,2021-03-31,NA,19,525,13,0.044,56.6,25.1,0.011
Terrebonne,Spring_2021,CRMS_0396,intertidal,0.095,29.34192338,-90.88462001,V50,X,A,21S396V50XA,2019-10-23,2021-03-31,NA,12,525,8,0.05,46.7,20.6,0.01
Terrebonne,Spring_2021,CRMS_0396,intertidal,0.095,29.34192338,-90.88462001,V50,X,B,21S396V50XB,2019-10-23,2021-03-31,NA,12,525,9,0.057,38.3,15.1,0.009
Terrebonne,Spring_2021,CRMS_0396,intertidal,0.095,29.34192338,-90.88462001,V50,Y,A,21S396V50YA,2019-10-23,2021-03-31,NA,16,525,11,0.084,31,12,0.01
Terrebonne,Spring_2021,CRMS_0396,intertidal,0.095,29.34192338,-90.88462001,V50,Y,B,21S396V50YB,2019-10-23,2021-03-31,NA,10,525,7,0.153,36,14.9,0.023
Terrebonne,Spring_2021,CRMS_0396,intertidal,0.095,29.34192338,-90.88462001,V50,Z,A,21S396V50ZA,2019-10-23,2021-03-31,NA,37,525,25,0.139,27.5,11.2,0.015
Terrebonne,Spring_2021,CRMS_0396,intertidal,0.095,29.34192338,-90.88462001,V50,Z,B,21S396V50ZB,2019-10-23,2021-03-31,NA,46,525,32,0.101,36.3,14.7,0.015
Atchafalaya,Spring_2021,CRMS_0399,intertidal,0.168,29.29926093,-91.10502813,V25,X,A,21S399V25XA,2019-10-09,2021-03-22,NA,24,530,17,0.273,28,10.8,0.029
Atchafalaya,Spring_2021,CRMS_0399,intertidal,0.168,29.29926093,-91.10502813,V25,X,B,21S399V25XB,2019-10-09,2021-03-22,NA,13,530,9,0.126,26.9,10,0.013
Atchafalaya,Spring_2021,CRMS_0399,intertidal,0.168,29.29926093,-91.10502813,V25,Y,A,21S399V25YA,2019-10-09,2021-03-22,NA,6,530,4,0.204,26.4,9.7,0.02
Atchafalaya,Spring_2021,CRMS_0399,intertidal,0.168,29.29926093,-91.10502813,V25,Y,B,21S399V25YB,2019-10-09,2021-03-22,NA,12,530,8,0.19,27.5,10.5,0.02
Atchafalaya,Spring_2021,CRMS_0399,intertidal,0.168,29.29926093,-91.10502813,V25,Z,A,21S399V25ZA,2019-10-09,2021-03-22,NA,14,530,9,0.21,24.7,7.5,0.016
Atchafalaya,Spring_2021,CRMS_0399,intertidal,0.168,29.29926093,-91.10502813,V25,Z,B,21S399V25ZB,2019-10-09,2021-03-22,NA,11,530,8,0.071,25.5,8.4,0.006
Atchafalaya,Spring_2021,CRMS_0399,intertidal,0.21,29.29942752,-91.10478423,V50,X,A,21S399V50XA,2019-10-09,2021-03-22,NA,17,530,12,0.202,22.7,8.2,0.016
Atchafalaya,Spring_2021,CRMS_0399,intertidal,0.21,29.29942752,-91.10478423,V50,X,B,21S399V50XB,2019-10-09,2021-03-22,NA,18,530,12,0.088,33.9,11.7,0.01
Atchafalaya,Spring_2021,CRMS_0399,intertidal,0.21,29.29942752,-91.10478423,V50,Y,A,21S399V50YA,2019-10-09,2021-03-22,NA,14,530,9,0.377,23.9,9.2,0.035
Atchafalaya,Spring_2021,CRMS_0399,intertidal,0.21,29.29942752,-91.10478423,V50,Y,B,21S399V50YB,2019-10-09,2021-03-22,NA,9,530,6,0.189,24.8,7.3,0.014
Atchafalaya,Spring_2021,CRMS_0399,intertidal,0.21,29.29942752,-91.10478423,V50,Z,A,21S399V50ZA,2019-10-09,2021-03-22,NA,15,530,10,0.162,24.6,9,0.015
Atchafalaya,Spring_2021,CRMS_0399,intertidal,0.21,29.29942752,-91.10478423,V50,Z,B,21S399V50ZB,2019-10-09,2021-03-22,NA,26,530,18,0.094,26.7,8.5,0.008
Terrebonne,Spring_2021,CRMS_0421,intertidal,0.055,29.17143885,-90.8225398,V25,X,A,21S421V25XA,2019-10-23,2021-03-27,NA,48,521,33,0.06,24.4,8.3,0.005
Terrebonne,Spring_2021,CRMS_0421,intertidal,0.055,29.17143885,-90.8225398,V25,X,B,21S421V25XB,2019-10-23,2021-03-27,NA,46,521,32,0.164,18.5,6.7,0.011
Terrebonne,Spring_2021,CRMS_0421,intertidal,0.055,29.17143885,-90.8225398,V25,Y,A,21S421V25YA,2019-10-23,2021-03-27,NA,48,521,34,0.208,19.9,7,0.014
Terrebonne,Spring_2021,CRMS_0421,intertidal,0.055,29.17143885,-90.8225398,V25,Y,B,21S421V25YB,2019-10-23,2021-03-27,NA,39,521,28,0.119,22.8,7.9,0.009
Terrebonne,Spring_2021,CRMS_0421,intertidal,0.055,29.17143885,-90.8225398,V25,Z,A,21S421V25ZA,2019-10-23,2021-03-27,NA,60,521,42,0.131,23.5,8.9,0.012
Terrebonne,Spring_2021,CRMS_0421,intertidal,0.055,29.17143885,-90.8225398,V25,Z,B,21S421V25ZB,2019-10-23,2021-03-27,NA,62,521,43,0.177,19.9,7.4,0.013
Terrebonne,Spring_2021,CRMS_0421,intertidal,-0.032,29.17169551,-90.82243665,V50,X,A,21S421V50XA,2019-10-23,2021-03-27,NA,36,521,25,0.056,29.4,10.1,0.006
Terrebonne,Spring_2021,CRMS_0421,intertidal,-0.032,29.17169551,-90.82243665,V50,X,B,21S421V50XB,2019-10-23,2021-03-27,NA,30,521,21,0.101,29.4,11.3,0.011
Terrebonne,Spring_2021,CRMS_0421,intertidal,-0.032,29.17169551,-90.82243665,V50,Y,A,21S421V50YA,2019-10-23,2021-03-27,NA,19,521,14,0.105,27.9,9.8,0.01
Terrebonne,Spring_2021,CRMS_0421,intertidal,-0.032,29.17169551,-90.82243665,V50,Y,B,21S421V50YB,2019-10-23,2021-03-27,NA,38,521,27,0.083,27.8,10,0.008
Terrebonne,Spring_2021,CRMS_0421,intertidal,-0.032,29.17169551,-90.82243665,V50,Z,A,21S421V50ZA,2019-10-23,2021-03-27,NA,21,521,14,0.107,30.3,11.7,0.012
Terrebonne,Spring_2021,CRMS_0421,intertidal,-0.032,29.17169551,-90.82243665,V50,Z,B,21S421V50ZB,2019-10-23,2021-03-27,NA,43,521,30,0.079,28.7,10.5,0.008
Atchafalaya,Spring_2021,WLD_T1,subtidal,-0.089,29.50892093,-91.44446528,INT,X,A,21SM1INTXA,2019-10-04,2021-03-29,NA,63,542,42,0.226,8.7,2.3,0.005
Atchafalaya,Spring_2021,WLD_T1,subtidal,-0.089,29.50892093,-91.44446528,INT,X,B,21SM1INTXB,2019-10-04,2021-03-29,NA,60,542,40,0.258,6.5,1.7,0.004
Atchafalaya,Spring_2021,WLD_T1,subtidal,-0.089,29.50892093,-91.44446528,INT,Y,A,21SM1INTYA,2019-10-04,2021-03-29,NA,67,542,45,0.247,7.6,2.1,0.005
Atchafalaya,Spring_2021,WLD_T1,subtidal,-0.089,29.50892093,-91.44446528,INT,Y,B,21SM1INTYB,2019-10-04,2021-03-29,NA,37,542,25,0.194,8.5,2.1,0.004
Atchafalaya,Spring_2021,WLD_T1,subtidal,-0.089,29.50892093,-91.44446528,INT,Z,A,21SM1INTZA,2019-10-04,2021-03-29,NA,45,542,30,0.227,6.5,1.7,0.004
Atchafalaya,Spring_2021,WLD_T1,subtidal,-0.089,29.50892093,-91.44446528,INT,Z,B,21SM1INTZB,2019-10-04,2021-03-29,NA,59,542,40,0.195,9.3,2.4,0.005
Atchafalaya,Spring_2021,WLD_T1,subtidal,-0.135,29.50838834,-91.44364284,SUB,X,A,21SM1SUBXA,2019-10-04,2021-03-29,NA,47,542,31,0.2,11.2,3.3,0.007
Atchafalaya,Spring_2021,WLD_T1,subtidal,-0.135,29.50838834,-91.44364284,SUB,X,B,21SM1SUBXB,2019-10-04,2021-03-29,NA,71,542,48,0.223,10.7,2.6,0.006
Atchafalaya,Spring_2021,WLD_T1,subtidal,-0.135,29.50838834,-91.44364284,SUB,Y,A,21SM1SUBYA,2019-10-04,2021-03-29,NA,72,542,49,0.209,9.5,3,0.006
Atchafalaya,Spring_2021,WLD_T1,subtidal,-0.135,29.50838834,-91.44364284,SUB,Y,B,21SM1SUBYB,2019-10-04,2021-03-29,NA,68,542,46,0.227,8.6,2.5,0.006
Atchafalaya,Spring_2021,WLD_T1,subtidal,-0.135,29.50838834,-91.44364284,SUB,Z,A,21SM1SUBZA,2019-10-04,2021-03-29,NA,36,542,24,0.225,8.5,2.4,0.005
Atchafalaya,Spring_2021,WLD_T1,subtidal,-0.135,29.50838834,-91.44364284,SUB,Z,B,21SM1SUBZB,2019-10-04,2021-03-29,NA,66,542,45,0.154,9.1,2.5,0.004
Atchafalaya,Spring_2021,WLD_T1,supratidal,0.482,29.51004287,-91.44485335,SUP,X,A,21SM1SUPXA,2019-10-04,2021-03-29,NA,59,542,40,0.241,14.4,5.6,0.014
Atchafalaya,Spring_2021,WLD_T1,supratidal,0.482,29.51004287,-91.44485335,SUP,X,B,21SM1SUPXB,2019-10-04,2021-03-29,NA,75,542,50,0.339,13.2,5,0.017
Atchafalaya,Spring_2021,WLD_T1,supratidal,0.482,29.51004287,-91.44485335,SUP,Y,A,21SM1SUPYA,2019-10-04,2021-03-29,NA,79,542,53,0.367,16.5,5.8,0.021
Atchafalaya,Spring_2021,WLD_T1,supratidal,0.482,29.51004287,-91.44485335,SUP,Y,B,21SM1SUPYB,2019-10-04,2021-03-29,NA,66,542,45,0.247,12.1,3.7,0.009
Atchafalaya,Spring_2021,WLD_T1,supratidal,0.482,29.51004287,-91.44485335,SUP,Z,A,21SM1SUPZA,2019-10-04,2021-03-29,NA,89,542,60,0.3,10.8,3.1,0.009
Atchafalaya,Spring_2021,WLD_T1,supratidal,0.482,29.51004287,-91.44485335,SUP,Z,B,21SM1SUPZB,2019-10-04,2021-03-29,NA,85,542,57,0.35,12.4,4.2,0.015
Atchafalaya,Spring_2021,WLD_T3,subtidal,-0.147,29.49543878,-91.44170891,INT,X,A,21SM2INTXA,2019-10-04,-9999,Marker scoured; no feldspar detectable. Station reployed on 6/17/21. Next measurement to occur March 2022.,-9999,-9999,-9999,-9999,-9999,-9999,-9999
Atchafalaya,Spring_2021,WLD_T3,subtidal,-0.147,29.49543878,-91.44170891,INT,X,B,21SM2INTXB,2019-10-04,-9999,Marker scoured; no feldspar detectable. Station reployed on 6/17/21. Next measurement to occur March 2022.,-9999,-9999,-9999,-9999,-9999,-9999,-9999
Atchafalaya,Spring_2021,WLD_T3,subtidal,-0.147,29.49543878,-91.44170891,INT,Y,A,21SM2INTYA,2019-10-04,-9999,Marker scoured; no feldspar detectable. Station reployed on 6/17/21. Next measurement to occur March 2022.,-9999,-9999,-9999,-9999,-9999,-9999,-9999
Atchafalaya,Spring_2021,WLD_T3,subtidal,-0.147,29.49543878,-91.44170891,INT,Y,B,21SM2INTYB,2019-10-04,-9999,Marker scoured; no feldspar detectable. Station reployed on 6/17/21. Next measurement to occur March 2022.,-9999,-9999,-9999,-9999,-9999,-9999,-9999
Atchafalaya,Spring_2021,WLD_T3,subtidal,-0.147,29.49543878,-91.44170891,INT,Z,A,21SM2INTZA,2019-10-04,-9999,Marker scoured; no feldspar detectable. Station reployed on 6/17/21. Next measurement to occur March 2022.,-9999,-9999,-9999,-9999,-9999,-9999,-9999
Atchafalaya,Spring_2021,WLD_T3,subtidal,-0.147,29.49543878,-91.44170891,INT,Z,B,21SM2INTZB,2019-10-04,-9999,Marker scoured; no feldspar detectable. Station reployed on 6/17/21. Next measurement to occur March 2022.,-9999,-9999,-9999,-9999,-9999,-9999,-9999
Atchafalaya,Spring_2021,WLD_T3,subtidal,-0.269,29.49547534,-91.44216698,SUB,X,A,21SM2SUBXA,2019-10-04,2021-03-29,NA,41,542,27,0.204,6.7,0.7,0.001
Atchafalaya,Spring_2021,WLD_T3,subtidal,-0.269,29.49547534,-91.44216698,SUB,X,B,21SM2SUBXB,2019-10-04,2021-03-29,NA,46,542,31,0.284,5.3,1.4,0.004
Atchafalaya,Spring_2021,WLD_T3,subtidal,-0.269,29.49547534,-91.44216698,SUB,Y,A,21SM2SUBYA,2019-10-04,2021-03-29,NA,50,542,34,0.236,6.8,1.4,0.003
Atchafalaya,Spring_2021,WLD_T3,subtidal,-0.269,29.49547534,-91.44216698,SUB,Y,B,21SM2SUBYB,2019-10-04,2021-03-29,NA,38,542,25,0.334,4.9,0.9,0.003
Atchafalaya,Spring_2021,WLD_T3,subtidal,-0.269,29.49547534,-91.44216698,SUB,Z,A,21SM2SUBZA,2019-10-04,2021-03-29,NA,48,542,33,0.163,6.6,1.5,0.002
Atchafalaya,Spring_2021,WLD_T3,subtidal,-0.269,29.49547534,-91.44216698,SUB,Z,B,21SM2SUBZB,2019-10-04,2021-03-29,NA,29,542,20,0.218,6.5,1.3,0.003
Atchafalaya,Spring_2021,WLD_T3,intertidal,0.249,29.49446139,-91.44106216,SUP,X,A,21SM2SUPXA,2019-10-04,2021-03-29,NA,87,542,58,0.62,6.5,1.3,0.008
Atchafalaya,Spring_2021,WLD_T3,intertidal,0.249,29.49446139,-91.44106216,SUP,X,B,21SM2SUPXB,2019-10-04,2021-03-29,NA,78,542,52,0.618,6.9,1.4,0.009
Atchafalaya,Spring_2021,WLD_T3,intertidal,0.249,29.49446139,-91.44106216,SUP,Y,A,21SM2SUPYA,2019-10-04,2021-03-29,NA,113,542,76,0.56,6.4,1.3,0.007
Atchafalaya,Spring_2021,WLD_T3,intertidal,0.249,29.49446139,-91.44106216,SUP,Y,B,21SM2SUPYB,2019-10-04,2021-03-29,NA,89,542,60,0.549,7.5,1.5,0.008
Atchafalaya,Spring_2021,WLD_T3,intertidal,0.249,29.49446139,-91.44106216,SUP,Z,A,21SM2SUPZA,2019-10-04,2021-03-29,NA,71,542,48,0.405,5.6,1.4,0.006
Atchafalaya,Spring_2021,WLD_T3,intertidal,0.249,29.49446139,-91.44106216,SUP,Z,B,21SM2SUPZB,2019-10-04,2021-03-29,NA,102,542,69,0.68,5.8,1.3,0.009
Atchafalaya,Fall_2021,CRMS_2568,supratidal,0.554,29.56425622,-91.35489157,V25,X,A,21F2568VXA,2019-10-17,-9999,Marker destroyed by fallen tree during hurricane Ida. Station reployed on 11/30/21. Next measurement to occur March 2022.,-9999,-9999,-9999,-9999,-9999,-9999,-9999
Atchafalaya,Fall_2021,CRMS_2568,supratidal,0.554,29.56425622,-91.35489157,V25,X,B,21F2568VXB,2019-10-17,-9999,Marker destroyed by fallen tree during hurricane Ida. Station reployed on 11/30/21. Next measurement to occur March 2022.,-9999,-9999,-9999,-9999,-9999,-9999,-9999
Atchafalaya,Fall_2021,CRMS_2568,supratidal,0.554,29.56425622,-91.35489157,V25,Y,A,21F2568VYA,2019-10-17,-9999,Marker destroyed by fallen tree during hurricane Ida. Station reployed on 11/30/21. Next measurement to occur March 2022.,-9999,-9999,-9999,-9999,-9999,-9999,-9999
Atchafalaya,Fall_2021,CRMS_2568,supratidal,0.554,29.56425622,-91.35489157,V25,Y,B,21F2568VYB,2019-10-17,-9999,Marker destroyed by fallen tree during hurricane Ida. Station reployed on 11/30/21. Next measurement to occur March 2022.,-9999,-9999,-9999,-9999,-9999,-9999,-9999
Atchafalaya,Fall_2021,CRMS_2568,supratidal,0.554,29.56425622,-91.35489157,V25,Z,A,21F2568VZA,2019-10-17,-9999,Marker destroyed by fallen tree during hurricane Ida. Station reployed on 11/30/21. Next measurement to occur March 2022.,-9999,-9999,-9999,-9999,-9999,-9999,-9999
Atchafalaya,Fall_2021,CRMS_2568,supratidal,0.554,29.56425622,-91.35489157,V25,Z,B,21F2568VZB,2019-10-17,-9999,Marker destroyed by fallen tree during hurricane Ida. Station reployed on 11/30/21. Next measurement to occur March 2022.,-9999,-9999,-9999,-9999,-9999,-9999,-9999
Atchafalaya,Fall_2021,CRMS_2568,supratidal,0.554,29.56425622,-91.35489157,T25,X,A,21F2568TXA,2019-10-17,2021-10-06,NA,20,720,10,0.034,72.5,35.1,0.012
Atchafalaya,Fall_2021,CRMS_2568,supratidal,0.554,29.56425622,-91.35489157,T25,X,B,21F2568TXB,2019-10-17,2021-10-06,NA,12,720,6,0.021,67.7,29.9,0.006
Atchafalaya,Fall_2021,CRMS_2568,supratidal,0.554,29.56425622,-91.35489157,T25,Y,A,21F2568TYA,2019-10-17,2021-10-06,NA,33,720,17,0.052,50.7,23.8,0.012
Atchafalaya,Fall_2021,CRMS_2568,supratidal,0.554,29.56425622,-91.35489157,T25,Y,B,21F2568TYB,2019-10-17,2021-10-06,NA,24,720,12,0.018,46.8,22.2,0.004
Atchafalaya,Fall_2021,CRMS_2568,supratidal,0.554,29.56425622,-91.35489157,T25,Z,A,21F2568TZA,2019-10-17,2021-10-06,NA,13,720,7,0.019,50.7,24.7,0.005
Atchafalaya,Fall_2021,CRMS_2568,supratidal,0.554,29.56425622,-91.35489157,T25,Z,B,21F2568TZB,2019-10-17,2021-10-06,NA,17,720,9,0.029,51.8,24.4,0.007
Terrebonne,Fall_2021,CRMS_0294,intertidal,0.248,29.41982701,-90.94793212,V25,X,A,21F294V25XA,2019-10-09,2021-09-27,NA,69,719,35,0.028,68.8,31.1,0.009
Terrebonne,Fall_2021,CRMS_0294,intertidal,0.248,29.41982701,-90.94793212,V25,Y,A,21F294V25YA,2019-10-09,2021-09-27,NA,51,719,26,0.021,69.7,30.8,0.006
Terrebonne,Fall_2021,CRMS_0294,intertidal,0.248,29.41982701,-90.94793212,V25,Y,B,21F294V25YB,2019-10-09,2021-09-27,NA,51,719,26,0.022,68.6,31.4,0.007
Terrebonne,Fall_2021,CRMS_0294,intertidal,0.248,29.41982701,-90.94793212,V25,Z,A,21F294V25ZA,2019-10-09,2021-09-27,NA,35,719,18,0.031,61.8,30.9,0.01
Terrebonne,Fall_2021,CRMS_0294,intertidal,0.248,29.41982701,-90.94793212,V25,Z,B,21F294V25ZB,2019-10-09,2021-09-27,NA,22,719,11,0.03,71.3,31.9,0.009
Terrebonne,Fall_2021,CRMS_0294,intertidal,0.261,29.41958981,-90.94773758,V50,X,A,21F294V50XA,2019-10-09,2021-09-27,NA,34,719,17,0.011,74.3,38.4,0.004
Terrebonne,Fall_2021,CRMS_0294,intertidal,0.261,29.41958981,-90.94773758,V50,X,B,21F294V50XB,2019-10-09,2021-09-27,NA,42,719,21,0.025,80.6,42.1,0.01
Terrebonne,Fall_2021,CRMS_0294,intertidal,0.261,29.41958981,-90.94773758,V50,Y,A,21F294V50YA,2019-10-09,2021-09-27,NA,66,719,34,0.03,71.5,36.7,0.011
Terrebonne,Fall_2021,CRMS_0294,intertidal,0.261,29.41958981,-90.94773758,V50,Z,A,21F294V50ZA,2019-10-09,2021-09-27,NA,30,719,15,0.023,66.6,31.6,0.007
Terrebonne,Fall_2021,CRMS_0294,intertidal,0.261,29.41958981,-90.94773758,V50,Z,B,21F294V50ZB,2019-10-09,2021-09-27,NA,54,719,27,0.031,71.2,31.9,0.01
Atchafalaya,Fall_2021,CRMS_0322,intertidal,0.143,29.24540229,-91.10630862,V25,X,A,21F322V25XA,2019-10-09,2021-09-23,NA,43,715,22,0.147,23.2,12.6,0.019
Atchafalaya,Fall_2021,CRMS_0322,intertidal,0.143,29.24540229,-91.10630862,V25,X,B,21F322V25XB,2019-10-09,2021-09-23,NA,28,715,14,0.116,21.7,9.2,0.011
Atchafalaya,Fall_2021,CRMS_0322,intertidal,0.143,29.24540229,-91.10630862,V25,Y,A,21F322V25YA,2019-10-09,2021-09-23,NA,23,715,12,0.092,32.7,12.8,0.012
Atchafalaya,Fall_2021,CRMS_0322,intertidal,0.143,29.24540229,-91.10630862,V25,Y,B,21F322V25YB,2019-10-09,2021-09-23,NA,25,715,13,0.12,20.9,6.7,0.008
Atchafalaya,Fall_2021,CRMS_0322,intertidal,0.143,29.24540229,-91.10630862,V25,Z,A,21F322V25ZA,2019-10-09,2021-09-23,NA,25,715,13,0.073,38.7,14.8,0.011
Atchafalaya,Fall_2021,CRMS_0322,intertidal,0.143,29.24540229,-91.10630862,V25,Z,B,21F322V25ZB,2019-10-09,2021-09-23,NA,21,715,11,0.073,42.1,15,0.011
Atchafalaya,Fall_2021,CRMS_0322,intertidal,0.12,29.24568511,-91.10631544,V50,X,A,21F322V50XA,2019-10-09,2021-09-23,NA,27,715,14,0.07,43.8,18.8,0.013
Atchafalaya,Fall_2021,CRMS_0322,intertidal,0.12,29.24568511,-91.10631544,V50,X,B,21F322V50XB,2019-10-09,2021-09-23,NA,28,715,14,0.061,43.7,19.2,0.012
Atchafalaya,Fall_2021,CRMS_0322,intertidal,0.12,29.24568511,-91.10631544,V50,Y,A,21F322V50YA,2019-10-09,2021-09-23,NA,48,715,25,0.066,36.1,14.9,0.01
Atchafalaya,Fall_2021,CRMS_0322,intertidal,0.12,29.24568511,-91.10631544,V50,Y,B,21F322V50YB,2019-10-09,2021-09-23,NA,26,715,13,0.057,41.7,16.7,0.01
Atchafalaya,Fall_2021,CRMS_0322,intertidal,0.12,29.24568511,-91.10631544,V50,Z,A,21F322V50ZA,2019-10-09,2021-09-23,NA,35,715,18,0.062,33.4,13.1,0.008
Atchafalaya,Fall_2021,CRMS_0322,intertidal,0.12,29.24568511,-91.10631544,V50,Z,B,21F322V50ZB,2019-10-09,2021-09-23,NA,26,715,13,0.078,36.7,15.4,0.012
Terrebonne,Fall_2021,CRMS_0396,intertidal,0.095,29.34186159,-90.88526672,V25,X,A,21F396V25XA,2019-10-23,2021-09-24,NA,23,702,12,0.086,43.4,18.9,0.016
Terrebonne,Fall_2021,CRMS_0396,intertidal,0.095,29.34186159,-90.88526672,V25,X,B,21F396V25XB,2019-10-23,2021-09-24,NA,50,702,26,0.033,46.7,19.9,0.007
Terrebonne,Fall_2021,CRMS_0396,intertidal,0.095,29.34186159,-90.88526672,V25,Y,A,21F396V25YA,2019-10-23,2021-09-24,NA,66,702,34,0.032,51,22.6,0.007
Terrebonne,Fall_2021,CRMS_0396,intertidal,0.095,29.34186159,-90.88526672,V25,Y,B,21F396V25YB,2019-10-23,2021-09-24,NA,82,702,43,0.018,63,27,0.005
Terrebonne,Fall_2021,CRMS_0396,intertidal,0.095,29.34186159,-90.88526672,V25,Z,A,21F396V25ZA,2019-10-23,2021-09-24,NA,53,702,28,0.039,47.4,21.9,0.008
Terrebonne,Fall_2021,CRMS_0396,intertidal,0.095,29.34186159,-90.88526672,V25,Z,B,21F396V25ZB,2019-10-23,2021-09-24,NA,38,702,20,0.041,47,20.6,0.008
Terrebonne,Fall_2021,CRMS_0396,intertidal,0.095,29.34192338,-90.88462001,V50,X,A,21F396V50XA,2019-10-23,2021-09-24,NA,19,702,10,0.097,40.8,17.9,0.017
Terrebonne,Fall_2021,CRMS_0396,intertidal,0.095,29.34192338,-90.88462001,V50,X,B,21F396V50XB,2019-10-23,2021-09-24,NA,121,702,63,0.076,27.3,11.8,0.009
Terrebonne,Fall_2021,CRMS_0396,intertidal,0.095,29.34192338,-90.88462001,V50,Y,A,21F396V50YA,2019-10-23,2021-09-24,NA,44,702,23,0.106,34.5,15,0.016
Terrebonne,Fall_2021,CRMS_0396,intertidal,0.095,29.34192338,-90.88462001,V50,Y,B,21F396V50YB,2019-10-23,2021-09-24,NA,85,702,44,0.082,27.5,12.5,0.01
Terrebonne,Fall_2021,CRMS_0396,intertidal,0.095,29.34192338,-90.88462001,V50,Z,A,21F396V50ZA,2019-10-23,2021-09-24,NA,41,702,21,0.116,28.1,12.4,0.014
Terrebonne,Fall_2021,CRMS_0396,intertidal,0.095,29.34192338,-90.88462001,V50,Z,B,21F396V50ZB,2019-10-23,2021-09-24,NA,26,702,14,0.057,29.2,11.8,0.007
Atchafalaya,Fall_2021,CRMS_0399,intertidal,0.168,29.29926093,-91.10502813,V25,X,A,21F399V25XA,2019-10-09,2021-09-23,NA,14,715,7,0.092,29.2,10.3,0.01
Atchafalaya,Fall_2021,CRMS_0399,intertidal,0.168,29.29926093,-91.10502813,V25,X,B,21F399V25XB,2019-10-09,2021-09-23,NA,29,715,15,0.112,23.6,9.4,0.01
Atchafalaya,Fall_2021,CRMS_0399,intertidal,0.168,29.29926093,-91.10502813,V25,Y,A,21F399V25YA,2019-10-09,2021-09-23,NA,16,715,8,0.105,35.6,13.4,0.014
Atchafalaya,Fall_2021,CRMS_0399,intertidal,0.168,29.29926093,-91.10502813,V25,Y,B,21F399V25YB,2019-10-09,2021-09-23,NA,17,715,9,0.137,33.4,12.7,0.017
Atchafalaya,Fall_2021,CRMS_0399,intertidal,0.168,29.29926093,-91.10502813,V25,Z,A,21F399V25ZA,2019-10-09,2021-09-23,NA,29,715,15,0.101,27.8,11.5,0.012
Atchafalaya,Fall_2021,CRMS_0399,intertidal,0.168,29.29926093,-91.10502813,V25,Z,B,21F399V25ZB,2019-10-09,2021-09-23,NA,23,715,12,0.146,25.6,10.2,0.015
Atchafalaya,Fall_2021,CRMS_0399,intertidal,0.21,29.29942752,-91.10478423,V50,X,A,21F399V50XA,2019-10-09,2021-09-23,NA,65,715,33,0.084,22.8,9.7,0.008
Atchafalaya,Fall_2021,CRMS_0399,intertidal,0.21,29.29942752,-91.10478423,V50,X,B,21F399V50XB,2019-10-09,2021-09-23,NA,39,715,20,0.08,37.3,14.8,0.012
Atchafalaya,Fall_2021,CRMS_0399,intertidal,0.21,29.29942752,-91.10478423,V50,Y,A,21F399V50YA,2019-10-09,2021-09-23,NA,56,715,29,0.06,31.8,14.7,0.009
Atchafalaya,Fall_2021,CRMS_0399,intertidal,0.21,29.29942752,-91.10478423,V50,Y,B,21F399V50YB,2019-10-09,2021-09-23,NA,34,715,17,0.101,24.7,10.7,0.011
Atchafalaya,Fall_2021,CRMS_0399,intertidal,0.21,29.29942752,-91.10478423,V50,Z,A,21F399V50ZA,2019-10-09,2021-09-23,NA,17,715,9,0.125,23.8,9.4,0.012
Atchafalaya,Fall_2021,CRMS_0399,intertidal,0.21,29.29942752,-91.10478423,V50,Z,B,21F399V50ZB,2019-10-09,2021-09-23,NA,36,715,18,0.075,31.8,12.9,0.01
Terrebonne,Fall_2021,CRMS_0421,intertidal,0.055,29.17143885,-90.8225398,V25,X,A,21F421V25XA,2019-10-23,2021-09-22,NA,62,700,32,0.102,22.1,8.6,0.009
Terrebonne,Fall_2021,CRMS_0421,intertidal,0.055,29.17143885,-90.8225398,V25,X,B,21F421V25XB,2019-10-23,2021-09-22,NA,60,700,31,0.134,19.2,7.3,0.01
Terrebonne,Fall_2021,CRMS_0421,intertidal,0.055,29.17143885,-90.8225398,V25,Y,A,21F421V25YA,2019-10-23,2021-09-22,NA,72,700,38,0.226,20.4,7.5,0.017
Terrebonne,Fall_2021,CRMS_0421,intertidal,0.055,29.17143885,-90.8225398,V25,Y,B,21F421V25YB,2019-10-23,2021-09-22,NA,43,700,22,0.181,20.8,7.6,0.014
Terrebonne,Fall_2021,CRMS_0421,intertidal,0.055,29.17143885,-90.8225398,V25,Z,A,21F421V25ZA,2019-10-23,2021-09-22,NA,134,700,70,0.21,20.9,8,0.017
Terrebonne,Fall_2021,CRMS_0421,intertidal,-0.032,29.17169551,-90.82243665,V50,X,A,21F421V50XA,2019-10-23,2021-09-22,NA,64,700,33,0.132,24.8,9.7,0.013
Terrebonne,Fall_2021,CRMS_0421,intertidal,-0.032,29.17169551,-90.82243665,V50,X,B,21F421V50XB,2019-10-23,2021-09-22,NA,68,700,35,0.114,23.5,9,0.01
Terrebonne,Fall_2021,CRMS_0421,intertidal,-0.032,29.17169551,-90.82243665,V50,Y,A,21F421V50YA,2019-10-23,2021-09-22,NA,34,700,18,0.18,18.5,6.2,0.011
Terrebonne,Fall_2021,CRMS_0421,intertidal,-0.032,29.17169551,-90.82243665,V50,Y,B,21F421V50YB,2019-10-23,2021-09-22,NA,22,700,11,0.218,24.5,9,0.02
Atchafalaya,Fall_2021,WLD_T1,subtidal,-0.089,29.50892093,-91.44446528,INT,X,A,21FM1INTXA,2019-10-04,2021-08-19,NA,65,685,35,0.228,7,2.1,0.005
Atchafalaya,Fall_2021,WLD_T1,subtidal,-0.089,29.50892093,-91.44446528,INT,Y,A,21FM1INTYA,2019-10-04,2021-08-19,NA,85,685,45,0.269,6.5,2.1,0.006
Atchafalaya,Fall_2021,WLD_T1,subtidal,-0.089,29.50892093,-91.44446528,INT,Z,A,21FM1INTZA,2019-10-04,2021-08-19,NA,45,685,24,0.19,8.4,2.9,0.005
Atchafalaya,Fall_2021,WLD_T1,subtidal,-0.135,29.50838834,-91.44364284,SUB,X,A,21FM1SUBXA,2019-10-04,2021-08-19,NA,80,685,43,0.14,7.6,2.2,0.003
Atchafalaya,Fall_2021,WLD_T1,subtidal,-0.135,29.50838834,-91.44364284,SUB,X,B,21FM1SUBXB,2019-10-04,2021-08-19,NA,111,685,59,0.181,8.8,2.7,0.005
Atchafalaya,Fall_2021,WLD_T1,subtidal,-0.135,29.50838834,-91.44364284,SUB,Y,A,21FM1SUBYA,2019-10-04,2021-08-19,NA,59,685,31,0.253,8.6,2.9,0.007
Atchafalaya,Fall_2021,WLD_T1,subtidal,-0.135,29.50838834,-91.44364284,SUB,Y,B,21FM1SUBYB,2019-10-04,2021-08-19,NA,85,685,45,0.228,8.3,2.7,0.006
Atchafalaya,Fall_2021,WLD_T1,subtidal,-0.135,29.50838834,-91.44364284,SUB,Z,A,21FM1SUBZA,2019-10-04,2021-08-19,NA,68,685,36,0.176,7.6,2.2,0.004
Atchafalaya,Fall_2021,WLD_T1,subtidal,-0.135,29.50838834,-91.44364284,SUB,Z,B,21FM1SUBZB,2019-10-04,2021-08-19,NA,69,685,37,0.221,7.4,2.1,0.005
Atchafalaya,Fall_2021,WLD_T1,supratidal,0.482,29.51004287,-91.44485335,SUP,X,A,21FM1SUPXA,2019-10-04,2021-08-19,NA,88,685,47,0.485,10.4,3.5,0.017
Atchafalaya,Fall_2021,WLD_T1,supratidal,0.482,29.51004287,-91.44485335,SUP,X,B,21FM1SUPXB,2019-10-04,2021-08-19,NA,72,685,38,0.562,5.7,1.7,0.009
Atchafalaya,Fall_2021,WLD_T1,supratidal,0.482,29.51004287,-91.44485335,SUP,Y,A,21FM1SUPYA,2019-10-04,2021-08-19,NA,78,685,42,0.47,8.1,2.7,0.013
Atchafalaya,Fall_2021,WLD_T1,supratidal,0.482,29.51004287,-91.44485335,SUP,Y,B,21FM1SUPYB,2019-10-04,2021-08-19,NA,80,685,43,0.467,8.2,3.1,0.015
Atchafalaya,Fall_2021,WLD_T1,supratidal,0.482,29.51004287,-91.44485335,SUP,Z,A,21FM1SUPZA,2019-10-04,2021-08-19,NA,80,685,43,0.589,7.1,2.3,0.013
Atchafalaya,Fall_2021,WLD_T3,subtidal,-0.147,29.49543878,-91.44170891,INT,X,A,21FM2INTXA,2019-10-04,-9999,Marker scoured; no feldspar detectable. Station reployed on 6/17/21. Next measurement to occur March 2022.,-9999,-9999,-9999,-9999,-9999,-9999,-9999
Atchafalaya,Fall_2021,WLD_T3,subtidal,-0.147,29.49543878,-91.44170891,INT,X,B,21FM2INTXB,2019-10-04,-9999,Marker scoured; no feldspar detectable. Station reployed on 6/17/21. Next measurement to occur March 2022.,-9999,-9999,-9999,-9999,-9999,-9999,-9999
Atchafalaya,Fall_2021,WLD_T3,subtidal,-0.147,29.49543878,-91.44170891,INT,Y,A,21FM2INTYA,2019-10-04,-9999,Marker scoured; no feldspar detectable. Station reployed on 6/17/21. Next measurement to occur March 2022.,-9999,-9999,-9999,-9999,-9999,-9999,-9999
Atchafalaya,Fall_2021,WLD_T3,subtidal,-0.147,29.49543878,-91.44170891,INT,Y,B,21FM2INTYB,2019-10-04,-9999,Marker scoured; no feldspar detectable. Station reployed on 6/17/21. Next measurement to occur March 2022.,-9999,-9999,-9999,-9999,-9999,-9999,-9999
Atchafalaya,Fall_2021,WLD_T3,subtidal,-0.147,29.49543878,-91.44170891,INT,Z,A,21FM2INTZA,2019-10-04,-9999,Marker scoured; no feldspar detectable. Station reployed on 6/17/21. Next measurement to occur March 2022.,-9999,-9999,-9999,-9999,-9999,-9999,-9999
Atchafalaya,Fall_2021,WLD_T3,subtidal,-0.147,29.49543878,-91.44170891,INT,Z,B,21FM2INTZB,2019-10-04,-9999,Marker scoured; no feldspar detectable. Station reployed on 6/17/21. Next measurement to occur March 2022.,-9999,-9999,-9999,-9999,-9999,-9999,-9999
Atchafalaya,Fall_2021,WLD_T3,subtidal,-0.269,29.49547534,-91.44216698,SUB,X,A,21FM2SUBXA,2019-10-04,2021-08-19,NA,35,685,19,0.262,4.7,1.2,0.003
Atchafalaya,Fall_2021,WLD_T3,subtidal,-0.269,29.49547534,-91.44216698,SUB,X,B,21FM2SUBXB,2019-10-04,2021-08-19,NA,36,685,19,0.271,5,1.4,0.004
Atchafalaya,Fall_2021,WLD_T3,subtidal,-0.269,29.49547534,-91.44216698,SUB,Y,A,21FM2SUBYA,2019-10-04,2021-08-19,NA,34,685,18,0.379,4.7,1.1,0.004
Atchafalaya,Fall_2021,WLD_T3,subtidal,-0.269,29.49547534,-91.44216698,SUB,Y,B,21FM2SUBYB,2019-10-04,2021-08-19,NA,26,685,14,0.358,4.7,1.3,0.004
Atchafalaya,Fall_2021,WLD_T3,subtidal,-0.269,29.49547534,-91.44216698,SUB,Z,A,21FM2SUBZA,2019-10-04,2021-08-19,NA,45,685,24,0.265,5.2,1.3,0.004
Atchafalaya,Fall_2021,WLD_T3,subtidal,-0.269,29.49547534,-91.44216698,SUB,Z,B,21FM2SUBZB,2019-10-04,2021-08-19,NA,51,685,27,0.29,4.7,1.1,0.003
Atchafalaya,Fall_2021,WLD_T3,intertidal,0.249,29.49446139,-91.44106216,SUP,X,A,21FM2SUPXA,2019-10-04,2021-08-19,NA,117,685,62,0.525,5.2,1.5,0.008
Atchafalaya,Fall_2021,WLD_T3,intertidal,0.249,29.49446139,-91.44106216,SUP,X,B,21FM2SUPXB,2019-10-04,2021-08-19,NA,117,685,62,0.7,5,1.4,0.01
Atchafalaya,Fall_2021,WLD_T3,intertidal,0.249,29.49446139,-91.44106216,SUP,Y,A,21FM2SUPYA,2019-10-04,2021-08-19,NA,115,685,61,0.416,6,1.8,0.007
Atchafalaya,Fall_2021,WLD_T3,intertidal,0.249,29.49446139,-91.44106216,SUP,Y,B,21FM2SUPYB,2019-10-04,2021-08-19,NA,116,685,62,0.641,5,1.3,0.008
Atchafalaya,Fall_2021,WLD_T3,intertidal,0.249,29.49446139,-91.44106216,SUP,Z,A,21FM2SUPZA,2019-10-04,2021-08-19,NA,101,685,54,0.446,5.8,1.7,0.008
Atchafalaya,Fall_2021,WLD_T3,intertidal,0.249,29.49446139,-91.44106216,SUP,Z,B,21FM2SUPZB,2019-10-04,2021-08-19,NA,80,685,43,0.553,5.2,1.4,0.008
